{
 "Road01.jpg": [10, 0, 100],
 "Wall03.jpeg": [10, 0, 100],
 "Wall18.png": [10, 0, 100],
 "Window02.jpeg": [0, 0, 100],
 "Wall22.jpg": [5, 0, 100],
 "Wall14.jpeg": [5, 0, 100],
 "Wall06.jpg": [10, 0, 100],
 "Wall02.jpeg": [10, 0, 100],
 "Wall13.jpeg": [10, 0, 100 ],
 "Wall15.jpeg": [2, 0, 100],
 "Wall05.jpeg": [12, 0, 100],
 "Wall17.jpg": [1, 0, 100],
 "Floor04.jpeg": [10, 0, 25],
 "Floor05.jpg": [10, 0, 30],
 "Floor06.jpeg": [10, 30, 100],
 "Floor07.jpeg": [10, 25, 100],
 "Floor08.jpg": [10, 25, 35],
 "Floor09.jpg": [10, 30, 100],
 "Wall05.jpg": [10, 0, 100],
 "Roof03.jpeg": [0.5, 20, 100 ],
 "Wall10.jpeg": [3, 0, 100 ],
 "Wall08.jpeg": [10, 0, 100],
 "Window03.jpeg": [0, 0, 100],
 "Wall08.png": [10, 0, 100],
 "Floor02.jpg": [10, 0, 45],
 "Roof01.jpeg": [5, 20, 100 ],
 "Roof04.jpeg": [10, 20, 100],
 "Window01.jpeg": [0, 0, 100],
 "Wall21.jpg": [5, 0, 100],
 "Floor01.jpeg": [20, 20, 100 ],
 "Window04.jpeg": [0, 0, 100 ],
 "Wall09.jpeg": [10, 0, 100],
 "Wall07.jpg": [10, 0, 100],
 "Wall01.jpg": [10, 0, 100],
 "Wall11.jpeg": [10, 0, 100],
 "Wall12.jpeg": [10, 0, 100],
 "Roof02.jpeg": [15, 20, 100 ],
 "Wall20.jpg": [10, 0, 100],
 "Wall19.jpg": [10, 0, 100],
 "Wall16.jpeg": [10, 0, 100],
 "Wall04.jpg": [10, 0, 100],
 "Floor03.jpeg": [20, 30, 100 ],
 "Roof05.jpg": [10, 0, 20],
 "Roof06.jpg": [10, 0, 20],
 "Roof07.jpeg": [10, 0, 20],
 "Roof08.jpeg": [10, 0, 20],
 "Roof09.jpeg": [10, 0, 20],
 "Roof10.jpeg": [10, 0, 20],
 "Roof11.jpeg": [10, 0, 20]
}
